verse	tag	category	baseStart	baseEnd	ocrStart	ocrEnd	base	hamiltonOcr	baseContext
1	delete	not-seen-in-hamilton-ocr	0	17	0	0	安立大乘三界唯識以契經說三界唯心心		安立大乘三界唯識以契經說三界唯心心意識了名之差別此中說心意
1	delete	not-seen-in-hamilton-ocr	18	30	1	1	識了名之差別此中說心意兼		唯識以契經說三界唯心心意識了名之差別此中說心意兼心所唯遮外境不遣相應內識
1	delete	not-seen-in-hamilton-ocr	32	33	3	3	唯		名之差別此中說心意兼心所唯遮外境不遣相應內識生時似
1	delete	not-seen-in-hamilton-ocr	49	50	19	19	有		遣相應內識生時似外境現如有眩瞖見髮蠅等此中都無少分
1	replace	possible-single-character-variant	51	52	20	21	瞖	翳	應內識生時似外境現如有眩瞖見髮蠅等此中都無少分實義
1	delete	not-seen-in-hamilton-ocr	55	56	24	24	等		時似外境現如有眩瞖見髮蠅等此中都無少分實義即於此義
1	delete	not-seen-in-hamilton-ocr	64	65	32	32	即		見髮蠅等此中都無少分實義即於此義有設難言頌曰
1	delete	not-seen-in-hamilton-ocr	69	70	36	36	設		中都無少分實義即於此義有設難言頌曰
2	replace	possible-single-character-variant	5	6	45	46	則	即	若識無實境則處時決定相續不決定作用不
2	replace	possible-single-character-variant	10	11	50	51	相	和	若識無實境則處時決定相續不決定作用不應成一處決
2	replace	review-required	20	25	60	66	一處決定難	論曰此說何義	決定相續不決定作用不應成一處決定難若離識實有色等外法色等識
2	delete	not-seen-in-hamilton-ocr	54	59	95	95	二時決定難		何因此識有處得生非一切處二時決定難何故此處有時識起非一切時
2	delete	not-seen-in-hamilton-ocr	71	78	107	107	三相續不決定難		何故此處有時識起非一切時三相續不決定難同一處時有多相續何不決定
2	replace	possible-single-character-variant	96	97	125	126	瞖	翳	相續何不決定隨一識生如眩瞖人見髮蠅等非無眩瞖有此識
2	replace	possible-single-character-variant	105	106	134	135	瞖	翳	生如眩瞖人見髮蠅等非無眩瞖有此識生四作用不成難復有
2	delete	not-seen-in-hamilton-ocr	110	116	139	139	四作用不成難		見髮蠅等非無眩瞖有此識生四作用不成難復有何因諸眩瞖者所見髮等
2	delete	not-seen-in-hamilton-ocr	120	121	143	143	諸		識生四作用不成難復有何因諸眩瞖者所見髮等無髮等用夢
2	replace	possible-single-character-variant	122	123	144	145	瞖	翳	四作用不成難復有何因諸眩瞖者所見髮等無髮等用夢中所
2	replace	possible-single-character-variant	139	140	161	162	杖	仗	等無髮等用夢中所得飲食刀杖毒藥衣等無飲等用尋香城等
2	delete	not-seen-in-hamilton-ocr	157	158	179	179	髮		飲等用尋香城等無城等用餘髮等物其用非無若實同無色等
2	replace	probable-ocr-noise	160	162	181	182	其用	弸	尋香城等無城等用餘髮等物其用非無若實同無色等外境唯有
2	delete	not-seen-in-hamilton-ocr	172	173	192	192	唯		其用非無若實同無色等外境唯有內識似外境生定處定時不
2	delete	not-seen-in-hamilton-ocr	187	189	206	206	續有		識似外境生定處定時不定相續有作用物皆不應成非皆不成頌
2	delete	not-seen-in-hamilton-ocr	191	192	208	208	物		生定處定時不定相續有作用物皆不應成非皆不成頌曰
3	delete	not-seen-in-hamilton-ocr	86	87	304	304	說		離識實境而處時定非不得成說如鬼言顯如餓鬼河中膿滿故
3	delete	not-seen-in-hamilton-ocr	102	104	319	319	如說		顯如餓鬼河中膿滿故名膿河如說酥瓶其中酥滿謂如餓鬼同業
3	delete	not-seen-in-hamilton-ocr	140	141	355	355	糞		此中定唯一見等言顯示或見糞等及見有情執持刀杖遮捍守
3	replace	possible-single-character-variant	149	150	363	364	杖	仗	示或見糞等及見有情執持刀杖遮捍守護不令得食由此雖無
3	delete	not-seen-in-hamilton-ocr	155	156	369	369	令		見有情執持刀杖遮捍守護不令得食由此雖無離識實境而多
3	delete	not-seen-in-hamilton-ocr	174	175	387	387	又		離識實境而多相續不定義成又如夢中境雖無實而有損失精
3	delete	not-seen-in-hamilton-ocr	208	209	420	420	且		實境而有虛妄作用義成如是且依別別譬喻顯處定等四義得
3	replace	review-required	212	214	423	424	譬喻	喩	虛妄作用義成如是且依別別譬喻顯處定等四義得成復次頌曰
3	delete	not-seen-in-hamilton-ocr	223	224	433	433	次		別譬喻顯處定等四義得成復次頌曰
4	replace	review-required	12	13	447	449	逼	一過	一切如地獄同見獄卒等能為逼害事故四義皆成論曰應知此
4	replace	possible-single-character-variant	29	30	465	466	喻	喩	義皆成論曰應知此中一地獄喻顯處定等一切皆成如地獄言
4	replace	review-required	47	48	483	485	逼	一過	切皆成如地獄言顯在地獄受逼害苦諸有情類謂地獄中雖無
4	delete	not-seen-in-hamilton-ocr	50	51	487	487	諸		如地獄言顯在地獄受逼害苦諸有情類謂地獄中雖無真實有
4	delete	not-seen-in-hamilton-ocr	65	66	501	501	攝		類謂地獄中雖無真實有情數攝獄卒等事而彼有情同業異熟
4	delete	not-seen-in-hamilton-ocr	86	87	521	521	眾		同業異熟增上力故同處同時眾多相續皆共見有獄卒狗烏鐵
4	insert	extra-in-hamilton-ocr	100	100	534	535		等	相續皆共見有獄卒狗烏鐵山物等來至其所為逼害事由此
4	delete	not-seen-in-hamilton-ocr	101	102	536	536	等		續皆共見有獄卒狗烏鐵山物等來至其所為逼害事由此雖無
4	delete	not-seen-in-hamilton-ocr	106	107	540	540	為		獄卒狗烏鐵山物等來至其所為逼害事由此雖無離識實境而
4	delete	not-seen-in-hamilton-ocr	126	136	559	559	大眾部難獄卒何不許實		離識實境而處定等四義皆成大眾部難獄卒何不許實何緣不許獄卒等類是實有情
4	insert	extra-in-hamilton-ocr	148	148	571	575		不應理故	何緣不許獄卒等類是實有情且此不應那落迦攝獄卒不受
4	replace	possible-single-character-variant	152	153	579	580	那	捺	獄卒等類是實有情且此不應那落迦攝獄卒不受地獄苦不受
4	delete	not-seen-in-hamilton-ocr	156	158	583	583	獄卒		是實有情且此不應那落迦攝獄卒不受地獄苦不受如彼所受苦
4	replace	review-required	160	166	585	586	地獄苦不受如	茹	且此不應那落迦攝獄卒不受地獄苦不受如彼所受苦故獄卒若是有情則
4	delete	not-seen-in-hamilton-ocr	171	189	591	591	獄卒若是有情則不應別立獄卒與那落迦互		受地獄苦不受如彼所受苦故獄卒若是有情則不應別立獄卒與那落迦互相逼害應不可立彼那落迦此
4	replace	review-required	190	191	592	594	逼	一過	不應別立獄卒與那落迦互相逼害應不可立彼那落迦此獄卒
4	replace	possible-single-character-variant	197	198	600	601	那	捺	那落迦互相逼害應不可立彼那落迦此獄卒等獄卒形力若等
4	delete	not-seen-in-hamilton-ocr	204	219	607	607	獄卒形力若等那落迦彼不應怖獄卒		應不可立彼那落迦此獄卒等獄卒形力若等那落迦彼不應怖獄卒形量力既等應不極相怖獄卒
4	delete	not-seen-in-hamilton-ocr	222	223	610	610	既		那落迦彼不應怖獄卒形量力既等應不極相怖獄卒若是實有
4	delete	not-seen-in-hamilton-ocr	229	245	616	616	獄卒若是實有情應受熱苦而無逼害力		獄卒形量力既等應不極相怖獄卒若是實有情應受熱苦而無逼害力應自不能忍受鐵地炎熱猛焰
4	replace	possible-single-character-variant	253	254	624	625	炎	淡	無逼害力應自不能忍受鐵地炎熱猛焰恒燒然苦云何於彼能
4	replace	review-required	256	258	627	629	焰恒	燄恆	力應自不能忍受鐵地炎熱猛焰恒燒然苦云何於彼能逼害他獄
4	replace	possible-single-character-variant	259	260	630	631	然	燃	不能忍受鐵地炎熱猛焰恒燒然苦云何於彼能逼害他獄卒非
4	delete	not-seen-in-hamilton-ocr	269	271	640	640	獄卒		恒燒然苦云何於彼能逼害他獄卒非那落迦趣不應生於地獄非
4	replace	review-required	272	284	641	642	那落迦趣不應生於地獄非那	捺	苦云何於彼能逼害他獄卒非那落迦趣不應生於地獄非那落迦不應生彼大眾正量部等
4	delete	not-seen-in-hamilton-ocr	290	310	648	648	大眾正量部等救義天上現有傍生地獄應有獄卒		生於地獄非那落迦不應生彼大眾正量部等救義天上現有傍生地獄應有獄卒如何天上現有傍生地獄亦然
4	replace	possible-single-character-variant	316	317	654	655	傍	旁	地獄應有獄卒如何天上現有傍生地獄亦然有傍生鬼為獄卒
4	replace	possible-single-character-variant	323	324	661	662	傍	旁	何天上現有傍生地獄亦然有傍生鬼為獄卒等論主駁救天上
4	delete	not-seen-in-hamilton-ocr	326	327	664	664	為		現有傍生地獄亦然有傍生鬼為獄卒等論主駁救天上傍生能
4	replace	review-required	330	333	667	669	論主駁	一此	地獄亦然有傍生鬼為獄卒等論主駁救天上傍生能受彼器所生樂
4	delete	not-seen-in-hamilton-ocr	334	349	670	670	天上傍生能受彼器所生樂地獄獄卒		有傍生鬼為獄卒等論主駁救天上傍生能受彼器所生樂地獄獄卒不受彼苦等
4	replace	review-required	350	354	671	674	受彼苦等	然頌曰	能受彼器所生樂地獄獄卒不受彼苦等
5	insert	extra-in-hamilton-ocr	16	16	690	691		不	生地獄中不爾所執傍生鬼不受彼苦故論曰諸有傍生生天
5	delete	not-seen-in-hamilton-ocr	22	23	697	697	諸		所執傍生鬼不受彼苦故論曰諸有傍生生天上者必有能感彼
5	replace	possible-single-character-variant	67	68	741	742	那	捺	所生苦故不應許傍生鬼趣生那落迦有部申義獄卒為異大種
5	delete	not-seen-in-hamilton-ocr	70	82	744	744	有部申義獄卒為異大種所顯		故不應許傍生鬼趣生那落迦有部申義獄卒為異大種所顯若爾應許彼那落迦業增上力
5	replace	possible-single-character-variant	87	88	749	750	那	捺	卒為異大種所顯若爾應許彼那落迦業增上力生異大種起勝
5	replace	possible-single-character-variant	91	92	753	754	增	堉	種所顯若爾應許彼那落迦業增上力生異大種起勝形顯量力
5	delete	not-seen-in-hamilton-ocr	98	99	760	760	起		彼那落迦業增上力生異大種起勝形顯量力差別於彼施設獄
5	delete	not-seen-in-hamilton-ocr	109	110	770	770	設		種起勝形顯量力差別於彼施設獄卒等名為生彼怖變現種種
5	delete	not-seen-in-hamilton-ocr	114	115	774	774	為		量力差別於彼施設獄卒等名為生彼怖變現種種動手足等差
5	delete	not-seen-in-hamilton-ocr	118	119	777	777	變		於彼施設獄卒等名為生彼怖變現種種動手足等差別作用如
5	insert	extra-in-hamilton-ocr	146	146	804	812		非事全無然不應理	乍離乍合剛鐵林刺或低或昂頌曰
6	delete	not-seen-in-hamilton-ocr	11	12	825	825	如		若許由業力有異大種生起如是轉變於識何不許論曰何緣
6	delete	not-seen-in-hamilton-ocr	14	15	827	827	變		由業力有異大種生起如是轉變於識何不許論曰何緣不許識
6	delete	not-seen-in-hamilton-ocr	33	34	845	845	變		曰何緣不許識由業力如是轉變而執大種七破經量部業熏內
6	delete	not-seen-in-hamilton-ocr	38	54	849	849	七破經量部業熏內識果生於外的主張		識由業力如是轉變而執大種七破經量部業熏內識果生於外的主張復次頌曰
6	delete	not-seen-in-hamilton-ocr	55	56	850	850	次		業熏內識果生於外的主張復次頌曰
7	replace	possible-single-character-variant	23	24	875	876	那	捺	熏識有果不許有何因論曰執那落迦由自業力生差別大種起
7	replace	possible-single-character-variant	26	27	878	879	由	山	果不許有何因論曰執那落迦由自業力生差別大種起形等轉
7	delete	not-seen-in-hamilton-ocr	39	40	891	891	變		自業力生差別大種起形等轉變彼業熏習理應許在識相續中
7	replace	possible-single-character-variant	49	50	900	901	相	和	等轉變彼業熏習理應許在識相續中不在餘處有熏習識汝便
7	replace	possible-single-character-variant	59	60	910	911	識	處	在識相續中不在餘處有熏習識汝便不許有果轉變無熏習處
7	delete	not-seen-in-hamilton-ocr	65	66	916	916	果		在餘處有熏習識汝便不許有果轉變無熏習處翻執有果此有
7	delete	not-seen-in-hamilton-ocr	67	68	917	917	變		處有熏習識汝便不許有果轉變無熏習處翻執有果此有何因
7	delete	not-seen-in-hamilton-ocr	73	74	922	922	執		便不許有果轉變無熏習處翻執有果此有何因有教為因謂若
7	replace	possible-single-character-variant	81	82	929	930	教	敎	熏習處翻執有果此有何因有教為因謂若唯識似色等現無別
7	insert	extra-in-hamilton-ocr	104	104	952	960		此敎非因有別意故	無別色等佛不應說有色等處頌曰
8	delete	not-seen-in-hamilton-ocr	6	7	968	968	尊		依彼所化生世尊密意趣說有色等處如化生有
8	delete	not-seen-in-hamilton-ocr	10	11	971	971	說		依彼所化生世尊密意趣說有色等處如化生有情論曰如
8	delete	not-seen-in-hamilton-ocr	13	14	973	973	等		彼所化生世尊密意趣說有色等處如化生有情論曰如佛說有
8	replace	possible-single-character-variant	79	80	1038	1039	教	敎	處契經亦爾依所化生宜受彼教密意趣說非別害有
8	delete	not-seen-in-hamilton-ocr	86	87	1045	1045	害		化生宜受彼教密意趣說非別害有
8	insert	extra-in-hamilton-ocr	88	88	1046	1056		依何密意說色等十頌曰	宜受彼教密意趣說非別害有
9	insert	extra-in-hamilton-ocr	0	0	1046	1056		依何密意說色等十頌曰	識從自種生似境相而轉為成
9	delete	not-seen-in-hamilton-ocr	10	11	1066	1066	為		識從自種生似境相而轉為成內外處佛說彼為十論曰此
9	delete	not-seen-in-hamilton-ocr	37	38	1092	1092	變		義似色現識從自種子緣合轉變差別而生佛依彼種及所現色
9	replace	possible-single-character-variant	39	40	1093	1094	別	圳	色現識從自種子緣合轉變差別而生佛依彼種及所現色如次
9	delete	not-seen-in-hamilton-ocr	51	53	1105	1105	次說		別而生佛依彼種及所現色如次說為眼處色處如是乃至似觸現
9	delete	not-seen-in-hamilton-ocr	54	55	1106	1106	眼		佛依彼種及所現色如次說為眼處色處如是乃至似觸現識從
9	delete	not-seen-in-hamilton-ocr	65	67	1116	1116	識從		為眼處色處如是乃至似觸現識從自種子緣合轉變差別而生佛
9	delete	not-seen-in-hamilton-ocr	73	74	1122	1122	變		至似觸現識從自種子緣合轉變差別而生佛依彼種及所現觸
9	delete	not-seen-in-hamilton-ocr	87	88	1135	1135	次		別而生佛依彼種及所現觸如次說為身處觸處依斯密意說色
9	replace	possible-single-character-variant	114	115	1161	1162	教	敎	此密意說有何勝利頌曰依此教能入數取趣無我所執法無我
9	delete	not-seen-in-hamilton-ocr	123	124	1170	1170	執		曰依此教能入數取趣無我所執法無我復依餘教入論曰
9	replace	possible-single-character-variant	130	131	1176	1177	教	敎	取趣無我所執法無我復依餘教入論曰
10	replace	review-required	5	6	1185	1187	二	一一	依此所說十二處教受化者能入數取趣無我
10	replace	possible-single-character-variant	7	8	1188	1189	教	敎	依此所說十二處教受化者能入數取趣無我謂若
10	replace	possible-single-character-variant	30	31	1211	1212	都	鄱	謂若了知從六二法有六識轉都無見者乃至知者應受有情無
10	replace	possible-single-character-variant	44	45	1225	1226	教	敎	見者乃至知者應受有情無我教者便能悟入有情無我復依此
10	delete	not-seen-in-hamilton-ocr	59	60	1240	1240	唯		能悟入有情無我復依此餘說唯識教受化者能入所執法無我
10	replace	possible-single-character-variant	61	62	1241	1242	教	敎	入有情無我復依此餘說唯識教受化者能入所執法無我謂若
10	replace	possible-single-character-variant	66	67	1246	1247	入	人	復依此餘說唯識教受化者能入所執法無我謂若了知唯識現
10	delete	not-seen-in-hamilton-ocr	94	95	1274	1274	諸		法起此中都無色等相法應受諸法無我教者便能悟入諸法無
10	replace	possible-single-character-variant	98	99	1277	1278	教	敎	都無色等相法應受諸法無我教者便能悟入諸法無我若知諸
10	delete	not-seen-in-hamilton-ocr	104	105	1283	1283	諸		應受諸法無我教者便能悟入諸法無我若知諸法一切種無入
10	delete	not-seen-in-hamilton-ocr	110	111	1288	1288	諸		教者便能悟入諸法無我若知諸法一切種無入法無我是則唯
10	replace	review-required	122	124	1299	1300	唯識	睵	諸法一切種無入法無我是則唯識亦畢竟無何所安立非知諸法
10	delete	not-seen-in-hamilton-ocr	125	126	1301	1301	畢		切種無入法無我是則唯識亦畢竟無何所安立非知諸法一切
10	delete	not-seen-in-hamilton-ocr	134	135	1309	1309	諸		唯識亦畢竟無何所安立非知諸法一切種無乃得名為入法無
10	insert	extra-in-hamilton-ocr	147	147	1321	1335		弗境離言法性亦都無故名法無我	法一切種無乃得名為入法無我然達愚夫遍計所執自性差
10	replace	possible-single-character-variant	152	153	1340	1341	遍	徧	乃得名為入法無我然達愚夫遍計所執自性差別諸法無我如
10	replace	review-required	173	188	1361	1362	諸佛境離言法性亦都無故名法無我	亻	法無我如是乃名入法無我非諸佛境離言法性亦都無故名法無我餘識所執此唯識性其體亦無
10	delete	not-seen-in-hamilton-ocr	213	214	1387	1387	唯		法無我不爾餘識所執境有則唯識理應不得成許諸餘識有實
10	replace	possible-single-character-variant	221	222	1394	1395	諸	諾	執境有則唯識理應不得成許諸餘識有實境故由此道理說立
10	delete	not-seen-in-hamilton-ocr	234	235	1407	1407	唯		餘識有實境故由此道理說立唯識教普令悟入一切法無我非
10	replace	possible-single-character-variant	236	237	1408	1409	教	敎	有實境故由此道理說立唯識教普令悟入一切法無我非一切
10	delete	not-seen-in-hamilton-ocr	238	239	1410	1410	令		境故由此道理說立唯識教普令悟入一切法無我非一切種撥
10	delete	not-seen-in-hamilton-ocr	254	263	1425	1425	四論破色法極微所成		切法無我非一切種撥有性故四論破色法極微所成復云何知佛依如是密意趣說
10	replace	possible-single-character-variant	269	270	1431	1432	如	茹	色法極微所成復云何知佛依如是密意趣說有色等處非別實
10	delete	not-seen-in-hamilton-ocr	291	292	1453	1453	各		非別實有色等外法為色等識各別境耶一破極微和合義頌曰
10	delete	not-seen-in-hamilton-ocr	295	302	1456	1456	一破極微和合義		色等外法為色等識各別境耶一破極微和合義頌曰
11	delete	not-seen-in-hamilton-ocr	8	9	1466	1466	極		以彼境非一亦非多極微又非和合等極微不成故論
11	delete	not-seen-in-hamilton-ocr	10	11	1467	1467	又		以彼境非一亦非多極微又非和合等極微不成故論曰此
11	replace	possible-single-character-variant	38	39	1494	1495	各	齐	謂若實有外色等處與色等識各別為境如是外境或應是一如
11	replace	possible-single-character-variant	42	43	1498	1499	如	茹	外色等處與色等識各別為境如是外境或應是一如勝論者執
11	delete	not-seen-in-hamilton-ocr	51	52	1507	1507	勝		別為境如是外境或應是一如勝論者執有分色或應是多如執
11	delete	not-seen-in-hamilton-ocr	54	55	1509	1509	執		如是外境或應是一如勝論者執有分色或應是多如執實有眾
11	delete	not-seen-in-hamilton-ocr	61	62	1515	1515	多		一如勝論者執有分色或應是多如執實有眾多極微各別為境
11	delete	not-seen-in-hamilton-ocr	70	71	1523	1523	各		或應是多如執實有眾多極微各別為境或應多極微和合及和
11	delete	not-seen-in-hamilton-ocr	77	78	1529	1529	極		有眾多極微各別為境或應多極微和合及和集如執實有眾多
11	delete	not-seen-in-hamilton-ocr	88	89	1539	1539	眾		多極微和合及和集如執實有眾多極微皆共和合和集為境且
11	insert	extra-in-hamilton-ocr	100	100	1550	1551		乁	眾多極微皆共和合和集為境且彼外境理應非一有分色體
11	delete	not-seen-in-hamilton-ocr	113	114	1564	1564	諸		彼外境理應非一有分色體異諸分色不可取故理亦非多極微
11	replace	possible-single-character-variant	120	121	1570	1571	理	玾	有分色體異諸分色不可取故理亦非多極微各別不可取故又
11	delete	not-seen-in-hamilton-ocr	126	127	1576	1576	各		分色不可取故理亦非多極微各別不可取故又理非和合或和
11	replace	review-required	132	134	1581	1583	又理	叹玾	理亦非多極微各別不可取故又理非和合或和集為境一實極微
11	replace	possible-single-character-variant	146	147	1595	1596	理	玾	非和合或和集為境一實極微理不成故云何不成頌曰
12	replace	possible-single-character-variant	15	16	1620	1621	聚	褧	六合一應成六分若與六同處聚應如極微論曰若一極微六方
12	delete	not-seen-in-hamilton-ocr	23	24	1628	1628	一		與六同處聚應如極微論曰若一極微六方各與一極微合應成
12	delete	not-seen-in-hamilton-ocr	28	29	1632	1632	各		應如極微論曰若一極微六方各與一極微合應成六分一處無
12	replace	possible-single-character-variant	31	32	1634	1635	極	椓	微論曰若一極微六方各與一極微合應成六分一處無容有餘
12	delete	not-seen-in-hamilton-ocr	41	42	1644	1644	容		與一極微合應成六分一處無容有餘處故一極微處若有六微
12	insert	extra-in-hamilton-ocr	46	46	1648	1649		丶	應成六分一處無容有餘處故一極微處若有六微應諸聚色
12	delete	not-seen-in-hamilton-ocr	50	51	1653	1653	若		一處無容有餘處故一極微處若有六微應諸聚色如極微量展
12	replace	review-required	64	66	1666	1667	相望	和	六微應諸聚色如極微量展轉相望不過量故則應聚色亦不可見
12	replace	possible-single-character-variant	78	79	1679	1680	加	迦	不過量故則應聚色亦不可見加濕彌羅國毘婆沙師言非諸極
12	replace	review-required	83	85	1684	1685	毘婆	比	應聚色亦不可見加濕彌羅國毘婆沙師言非諸極微有相合義無
12	replace	review-required	89	91	1689	1690	諸極	詣	見加濕彌羅國毘婆沙師言非諸極微有相合義無方分故離如前
12	insert	extra-in-hamilton-ocr	116	116	1715	1737		論曰今應詰彼所或和合不成不山無力此亦不然頌曰	但諸聚色有相合理有方分故
13	insert	extra-in-hamilton-ocr	0	0	1715	1737		論曰今應詰彼所或和合不成不山無力此亦不然頌曰	極微既無合聚有合者誰或相
13	replace	possible-single-character-variant	2	3	1739	1740	既	旣	極微既無合聚有合者誰或相合不成
13	delete	not-seen-in-hamilton-ocr	10	27	1747	1747	或相合不成不由無方分論曰今應詰彼所		極微既無合聚有合者誰或相合不成不由無方分論曰今應詰彼所說理趣既異極微無別聚色極
13	delete	not-seen-in-hamilton-ocr	30	31	1750	1750	既		方分論曰今應詰彼所說理趣既異極微無別聚色極微無合聚
13	insert	extra-in-hamilton-ocr	38	38	1757	1758		微	所說理趣既異極微無別聚色極微無合聚合者誰若轉救言
13	delete	not-seen-in-hamilton-ocr	39	40	1759	1759	微		說理趣既異極微無別聚色極微無合聚合者誰若轉救言聚色
13	delete	not-seen-in-hamilton-ocr	54	55	1773	1773	亦		聚合者誰若轉救言聚色展轉亦無合義則不應言極微無合無
13	replace	review-required	83	85	1801	1802	不由	山	有方分亦不許合故極微無合不由無方分是故一實極微不成又
13	replace	possible-single-character-variant	96	97	1813	1814	又	叹	由無方分是故一實極微不成又許極微合與不合其過且爾二
13	delete	not-seen-in-hamilton-ocr	108	118	1825	1825	二以有無方分論破極微		又許極微合與不合其過且爾二以有無方分論破極微若許極微有分無分俱為大失
13	replace	review-required	134	136	1841	1842	頌曰	日	有分無分俱為大失所以者何頌曰
14	delete	not-seen-in-hamilton-ocr	32	33	1874	1874	為		論曰以一極微六方分異多分為體云何成一若一極微無異方
14	delete	not-seen-in-hamilton-ocr	40	41	1881	1881	極		分異多分為體云何成一若一極微無異方分日輪纔舉光照觸
14	delete	not-seen-in-hamilton-ocr	47	49	1887	1887	輪纔		何成一若一極微無異方分日輪纔舉光照觸時云何餘邊得有影
14	delete	not-seen-in-hamilton-ocr	56	57	1894	1894	餘		方分日輪纔舉光照觸時云何餘邊得有影現以無餘分光所不
14	replace	possible-single-character-variant	70	71	1907	1908	又	叹	得有影現以無餘分光所不及又執極微無方分者云何此彼展
14	insert	extra-in-hamilton-ocr	78	78	1915	1916		丶	光所不及又執極微無方分者云何此彼展輪相障以無餘分
14	replace	possible-single-character-variant	83	84	1921	1922	輪	轉	執極微無方分者云何此彼展輪相障以無餘分他所不行可說
14	replace	possible-single-character-variant	100	101	1938	1939	相	和	餘分他所不行可說此彼展轉相礙既不相礙應諸極微展轉處
14	delete	not-seen-in-hamilton-ocr	102	103	1940	1940	既		他所不行可說此彼展轉相礙既不相礙應諸極微展轉處同則
14	replace	possible-single-character-variant	104	105	1941	1942	相	和	不行可說此彼展轉相礙既不相礙應諸極微展轉處同則諸色
14	delete	not-seen-in-hamilton-ocr	111	112	1948	1948	轉		轉相礙既不相礙應諸極微展轉處同則諸色聚同一極微量過
14	delete	not-seen-in-hamilton-ocr	132	133	1968	1968	障		極微量過如前說云何不許影障屬聚不屬極微若爾聚應無二
14	insert	extra-in-hamilton-ocr	139	139	1974	1986		異極微許有聚色發影障不爾	云何不許影障屬聚不屬極微若爾聚應無二發影為障謂若
14	replace	review-required	144	149	1991	1993	二發影為障	一一	障屬聚不屬極微若爾聚應無二發影為障謂若聚色不異極微影障應成
14	delete	not-seen-in-hamilton-ocr	158	159	2002	2002	障		影為障謂若聚色不異極微影障應成不屬聚色安布差別立為
14	insert	extra-in-hamilton-ocr	165	165	2008	2012		覺慧分析	不異極微影障應成不屬聚色安布差別立為極微或立為聚
14	delete	not-seen-in-hamilton-ocr	175	176	2022	2022	為		聚色安布差別立為極微或立為聚俱非一實三破境是一何用
14	delete	not-seen-in-hamilton-ocr	181	186	2027	2027	三破境是一		立為極微或立為聚俱非一實三破境是一何用思擇極微聚為猶未能遮
14	insert	extra-in-hamilton-ocr	194	194	2035	2044		等境亦是靑等色等性	破境是一何用思擇極微聚為猶未能遮外色等相頌曰
14	insert	extra-in-hamilton-ocr	202	202	2052	2087		此復何和應共審思此眼等境靑等實性為一為多爾何失二俱有過多過如前一亦非理	極微聚為猶未能遮外色等相頌曰
15	delete	not-seen-in-hamilton-ocr	3	4	2092	2092	次		一應無次行俱時至未至及多有間事并
15	replace	possible-single-character-variant	5	6	2093	2094	俱	供	一應無次行俱時至未至及多有間事并難見
15	replace	review-required	15	17	2103	2104	并難	幷	次行俱時至未至及多有間事并難見細物第一難無次行論曰若
15	delete	not-seen-in-hamilton-ocr	20	26	2107	2107	第一難無次行		未至及多有間事并難見細物第一難無次行論曰若無隔別所有青等眼所
15	replace	possible-single-character-variant	34	35	2115	2116	青	靑	難無次行論曰若無隔別所有青等眼所行境執為一物應無漸
15	delete	not-seen-in-hamilton-ocr	36	37	2117	2117	眼		次行論曰若無隔別所有青等眼所行境執為一物應無漸次行
15	delete	not-seen-in-hamilton-ocr	41	42	2121	2121	為		無隔別所有青等眼所行境執為一物應無漸次行大地理若下
15	replace	review-required	60	70	2139	2140	第二難無俱時至未至又	叹	行大地理若下一足至一切故第二難無俱時至未至又應俱時於此於彼無至未至一
15	replace	possible-single-character-variant	71	72	2141	2142	俱	供	故第二難無俱時至未至又應俱時於此於彼無至未至一物一
15	delete	not-seen-in-hamilton-ocr	85	86	2155	2155	理		於此於彼無至未至一物一時理不應有得未得故第三難無多
15	replace	review-required	93	100	2162	2163	第三難無多事又	叹	一物一時理不應有得未得故第三難無多事又一方處應不得有多象馬等有
15	delete	not-seen-in-hamilton-ocr	109	110	2172	2172	馬		多事又一方處應不得有多象馬等有間隙事若處有一亦即有
15	replace	possible-single-character-variant	128	129	2190	2191	辯	辨	處有一亦即有餘云何此彼可辯差別第四難無有多間或二象
15	delete	not-seen-in-hamilton-ocr	131	138	2193	2193	第四難無有多間		亦即有餘云何此彼可辯差別第四難無有多間或二象馬如何可於一處有至
15	delete	not-seen-in-hamilton-ocr	140	142	2195	2195	象馬		辯差別第四難無有多間或二象馬如何可於一處有至不至中間
15	delete	not-seen-in-hamilton-ocr	156	165	2209	2209	第五難無難見細物又		可於一處有至不至中間見空第五難無難見細物又亦應無小水虫等難見細物彼
15	replace	possible-single-character-variant	170	171	2214	2215	虫	蟲	難無難見細物又亦應無小水虫等難見細物彼與麁物同一處
15	replace	possible-single-character-variant	178	179	2222	2223	麁	麤	應無小水虫等難見細物彼與麁物同一處所量應等故若謂由
15	delete	not-seen-in-hamilton-ocr	181	182	2225	2225	一		水虫等難見細物彼與麁物同一處所量應等故若謂由相此彼
15	delete	not-seen-in-hamilton-ocr	186	187	2229	2229	等		細物彼與麁物同一處所量應等故若謂由相此彼差別即成別
15	delete	not-seen-in-hamilton-ocr	188	190	2230	2230	若謂		彼與麁物同一處所量應等故若謂由相此彼差別即成別物不由
15	replace	possible-single-character-variant	201	202	2241	2242	由	山	謂由相此彼差別即成別物不由餘義則定應許此差別物展轉
15	replace	possible-single-character-variant	204	205	2244	2245	則	则	此彼差別即成別物不由餘義則定應許此差別物展轉分析成
15	delete	not-seen-in-hamilton-ocr	213	214	2253	2253	轉		由餘義則定應許此差別物展轉分析成多極微已辯極微非一
15	replace	review-required	221	223	2260	2261	辯極	辨	差別物展轉分析成多極微已辯極微非一實物是則離識眼等色
15	delete	not-seen-in-hamilton-ocr	252	267	2290	2290	五破正量薩婆多以現量證有外境說		皆不得成由此善成唯有識義五破正量薩婆多以現量證有外境說諸法由量刊定有無一切量中
15	delete	not-seen-in-hamilton-ocr	281	282	2304	2304	為		由量刊定有無一切量中現量為勝若無外境寧有此覺我今現
15	insert	extra-in-hamilton-ocr	299	299	2321	2327		此證不成頌曰	寧有此覺我今現證如是境耶
16	insert	extra-in-hamilton-ocr	0	0	2321	2327		此證不成頌曰	現覺如夢等已起現覺時見及
16	replace	possible-single-character-variant	13	14	2340	2341	已	凸	覺如夢等已起現覺時見及境已無寧許有現量論曰如夢等時
16	delete	not-seen-in-hamilton-ocr	15	16	2342	2342	寧		夢等已起現覺時見及境已無寧許有現量論曰如夢等時雖無
16	replace	possible-single-character-variant	19	20	2345	2346	量	卄	現覺時見及境已無寧許有現量論曰如夢等時雖無外境而亦
16	delete	not-seen-in-hamilton-ocr	22	23	2348	2348	如		見及境已無寧許有現量論曰如夢等時雖無外境而亦得有如
16	delete	not-seen-in-hamilton-ocr	34	35	2359	2359	如		如夢等時雖無外境而亦得有如是現覺餘時現覺應知亦爾故
16	delete	not-seen-in-hamilton-ocr	54	55	2378	2378	又		應知亦爾故彼引此為證不成又若爾時有此現覺我今現證如
16	delete	not-seen-in-hamilton-ocr	97	98	2420	2420	者		故時眼等識必已謝故剎那論者有此覺時色等現境亦皆已滅
16	delete	not-seen-in-hamilton-ocr	107	108	2429	2429	皆		那論者有此覺時色等現境亦皆已滅如何此時許有現量要曾
16	replace	possible-single-character-variant	119	120	2440	2441	曾	什	皆已滅如何此時許有現量要曾現受意識能憶是故決定有曾
16	delete	not-seen-in-hamilton-ocr	121	122	2442	2442	受		滅如何此時許有現量要曾現受意識能憶是故決定有曾受境
16	replace	possible-single-character-variant	131	132	2451	2452	曾	什	曾現受意識能憶是故決定有曾受境見此境者許為現量由斯
16	delete	not-seen-in-hamilton-ocr	134	135	2454	2454	見		意識能憶是故決定有曾受境見此境者許為現量由斯外境實
16	delete	not-seen-in-hamilton-ocr	141	142	2460	2460	量		定有曾受境見此境者許為現量由斯外境實有義成
17	insert	extra-in-hamilton-ocr	1	1	2469	2489		是要由先後憶證有外境理亦不成何以故頌曰如	如說似境識從此生憶念論曰如
17	replace	review-required	2	3	2490	2492	似	亻以	如說似境識從此生憶念論曰如前所
17	delete	not-seen-in-hamilton-ocr	4	5	2493	2493	識		如說似境識從此生憶念論曰如前所說雖
17	delete	not-seen-in-hamilton-ocr	12	13	2500	2500	如		如說似境識從此生憶念論曰如前所說雖無外境而眼識等似
17	delete	not-seen-in-hamilton-ocr	21	22	2508	2508	眼		念論曰如前所說雖無外境而眼識等似外境現從此後位與念
17	replace	possible-single-character-variant	34	35	2520	2521	相	和	識等似外境現從此後位與念相應分別意識似前境現即說此
17	delete	not-seen-in-hamilton-ocr	41	42	2527	2527	前		此後位與念相應分別意識似前境現即說此為憶曾所受故以
17	replace	possible-single-character-variant	49	50	2534	2535	曾	什	別意識似前境現即說此為憶曾所受故以後憶證先所見實有
17	delete	not-seen-in-hamilton-ocr	54	55	2539	2539	後		境現即說此為憶曾所受故以後憶證先所見實有外境其理不
17	delete	not-seen-in-hamilton-ocr	56	57	2540	2540	證		即說此為憶曾所受故以後憶證先所見實有外境其理不成六
17	delete	not-seen-in-hamilton-ocr	65	66	2548	2548	理		以後憶證先所見實有外境其理不成六駁外難明夢醒時非證
17	delete	not-seen-in-hamilton-ocr	68	87	2550	2550	六駁外難明夢醒時非證覺故不知外境非實有		證先所見實有外境其理不成六駁外難明夢醒時非證覺故不知外境非實有若如夢中雖無實境而識得起
17	delete	not-seen-in-hamilton-ocr	103	104	2566	2566	如		雖無實境而識得起覺時亦然如世自知夢境非有覺時既爾如
17	delete	not-seen-in-hamilton-ocr	113	114	2575	2575	既		亦然如世自知夢境非有覺時既爾如夢何不自知既不自知覺
17	delete	not-seen-in-hamilton-ocr	115	117	2576	2576	如夢		如世自知夢境非有覺時既爾如夢何不自知既不自知覺境非有
17	delete	not-seen-in-hamilton-ocr	121	122	2580	2580	既		非有覺時既爾如夢何不自知既不自知覺境非有寧如夢識實
17	delete	not-seen-in-hamilton-ocr	129	130	2587	2587	寧		何不自知既不自知覺境非有寧如夢識實境皆無未覺不能知
17	delete	not-seen-in-hamilton-ocr	134	136	2591	2591	境皆		不自知覺境非有寧如夢識實境皆無未覺不能知夢所見非有論
17	insert	extra-in-hamilton-ocr	137	137	2592	2598		此亦非證頌曰	覺境非有寧如夢識實境皆無未覺不能知夢所見非有論曰
17	delete	not-seen-in-hamilton-ocr	162	163	2623	2623	時		未覺位不知夢境非外實有覺時乃知如是世間虛妄分別串習
17	replace	possible-single-character-variant	165	166	2625	2626	如	茹	不知夢境非外實有覺時乃知如是世間虛妄分別串習惛熟如
17	replace	possible-single-character-variant	175	176	2635	2636	惛	昏	乃知如是世間虛妄分別串習惛熟如在夢中諸有所見皆非實
17	delete	not-seen-in-hamilton-ocr	177	178	2637	2637	如		如是世間虛妄分別串習惛熟如在夢中諸有所見皆非實有未
17	delete	not-seen-in-hamilton-ocr	181	182	2640	2640	諸		虛妄分別串習惛熟如在夢中諸有所見皆非實有未得真覺不
17	delete	not-seen-in-hamilton-ocr	191	192	2649	2649	真		夢中諸有所見皆非實有未得真覺不能自知若時得彼出世對
17	replace	possible-single-character-variant	203	204	2660	2661	對	啊	真覺不能自知若時得彼出世對治無分別智乃名真覺此後所
17	replace	possible-single-character-variant	209	210	2666	2667	乃	即	若時得彼出世對治無分別智乃名真覺此後所得世間淨智現
17	replace	possible-single-character-variant	214	215	2671	2672	後	徏	世對治無分別智乃名真覺此後所得世間淨智現在前位如實
17	delete	not-seen-in-hamilton-ocr	217	218	2674	2674	世		無分別智乃名真覺此後所得世間淨智現在前位如實了知彼
17	replace	possible-single-character-variant	225	226	2681	2682	如	茹	此後所得世間淨智現在前位如實了知彼境非實其義平等若
17	delete	not-seen-in-hamilton-ocr	227	228	2683	2683	了		所得世間淨智現在前位如實了知彼境非實其義平等若諸有
17	delete	not-seen-in-hamilton-ocr	233	234	2688	2688	其		現在前位如實了知彼境非實其義平等若諸有情由自相續轉
17	delete	not-seen-in-hamilton-ocr	238	239	2692	2692	諸		實了知彼境非實其義平等若諸有情由自相續轉變差別似境
17	replace	possible-single-character-variant	243	244	2696	2697	相	和	非實其義平等若諸有情由自相續轉變差別似境識起不由外
17	delete	not-seen-in-hamilton-ocr	245	247	2698	2698	轉變		其義平等若諸有情由自相續轉變差別似境識起不由外境為所
17	replace	possible-single-character-variant	248	249	2699	2700	別	圳	等若諸有情由自相續轉變差別似境識起不由外境為所緣生
17	delete	not-seen-in-hamilton-ocr	257	258	2708	2708	為		轉變差別似境識起不由外境為所緣生彼諸有情近善惡友聞
17	delete	not-seen-in-hamilton-ocr	277	278	2727	2727	既		近善惡友聞正邪法二識決定既無友教此云何成
17	replace	possible-single-character-variant	280	281	2729	2730	教	敎	友聞正邪法二識決定既無友教此云何成
17	insert	extra-in-hamilton-ocr	285	285	2734	2740		非不得成頌曰	二識決定既無友教此云何成
18	insert	extra-in-hamilton-ocr	0	0	2734	2740		非不得成頌曰	展轉增上力二識成決定論曰
18	delete	not-seen-in-hamilton-ocr	3	4	2743	2743	上		展轉增上力二識成決定論曰以諸有情
18	delete	not-seen-in-hamilton-ocr	12	14	2751	2751	以諸		展轉增上力二識成決定論曰以諸有情自他相續諸識展轉為增
18	replace	possible-single-character-variant	18	19	2755	2756	相	和	識成決定論曰以諸有情自他相續諸識展轉為增上緣隨其所
18	delete	not-seen-in-hamilton-ocr	20	21	2757	2757	諸		決定論曰以諸有情自他相續諸識展轉為增上緣隨其所應二
18	delete	not-seen-in-hamilton-ocr	23	24	2759	2759	轉		曰以諸有情自他相續諸識展轉為增上緣隨其所應二識決定
18	delete	not-seen-in-hamilton-ocr	25	27	2760	2760	增上		諸有情自他相續諸識展轉為增上緣隨其所應二識決定謂餘相
18	delete	not-seen-in-hamilton-ocr	29	30	2762	2762	其		他相續諸識展轉為增上緣隨其所應二識決定謂餘相續識差
18	replace	review-required	36	39	2768	2769	謂餘相	胃	為增上緣隨其所應二識決定謂餘相續識差別故令餘相續差別識
18	delete	not-seen-in-hamilton-ocr	40	41	2770	2770	識		隨其所應二識決定謂餘相續識差別故令餘相續差別識生各
18	replace	possible-single-character-variant	46	47	2775	2776	相	和	決定謂餘相續識差別故令餘相續差別識生各成決定不由外
18	replace	review-required	50	53	2779	2781	識生各	一齐	相續識差別故令餘相續差別識生各成決定不由外境若如夢中境
18	replace	review-required	57	59	2785	2787	由外	山夕	餘相續差別識生各成決定不由外境若如夢中境雖無實而識得
18	delete	not-seen-in-hamilton-ocr	61	62	2789	2789	如		別識生各成決定不由外境若如夢中境雖無實而識得起覺識
18	replace	possible-single-character-variant	69	70	2796	2797	識	訊	由外境若如夢中境雖無實而識得起覺識亦然何緣夢覺造善
18	replace	possible-single-character-variant	73	74	2800	2801	識	丨	如夢中境雖無實而識得起覺識亦然何緣夢覺造善惡行愛非
18	insert	extra-in-hamilton-ocr	92	92	2819	2821		頌曰	造善惡行愛非愛果當受不同心由睡眠壞夢覺果不同論曰
18	replace	possible-single-character-variant	93	94	2822	2823	由	田	善惡行愛非愛果當受不同心由睡眠壞夢覺果不同論曰在夢
18	replace	possible-single-character-variant	109	110	2838	2839	睡	腄	夢覺果不同論曰在夢位心由睡眠壞勢力羸劣覺心不爾故所
18	delete	not-seen-in-hamilton-ocr	137	138	2866	2866	唯		受異熟勝劣不同非由外境若唯有識無身語等羊等云何為他
18	delete	not-seen-in-hamilton-ocr	142	143	2870	2870	語		不同非由外境若唯有識無身語等羊等云何為他所殺若羊等
18	delete	not-seen-in-hamilton-ocr	161	162	2888	2888	者		他所殺若羊等死不由他害屠者云何得殺生罪
18	insert	extra-in-hamilton-ocr	168	168	2894	2896		頌曰	不由他害屠者云何得殺生罪
19	insert	extra-in-hamilton-ocr	0	0	2894	2896		頌曰	由他識轉變有殺害事業如鬼
19	delete	not-seen-in-hamilton-ocr	4	5	2900	2900	變		由他識轉變有殺害事業如鬼等意力令他
19	delete	not-seen-in-hamilton-ocr	15	16	2910	2910	令		轉變有殺害事業如鬼等意力令他失念等論曰如由鬼等意念
19	delete	not-seen-in-hamilton-ocr	30	31	2924	2924	令		念等論曰如由鬼等意念勢力令他有情失念得夢或著魅等變
19	replace	possible-single-character-variant	39	40	2932	2933	著	着	念勢力令他有情失念得夢或著魅等變異事成具神通者意念
19	delete	not-seen-in-hamilton-ocr	42	43	2935	2935	變		令他有情失念得夢或著魅等變異事成具神通者意念勢力令
19	replace	possible-single-character-variant	46	47	2938	2939	具	其	失念得夢或著魅等變異事成具神通者意念勢力令他夢中見
19	delete	not-seen-in-hamilton-ocr	54	55	2946	2946	令		變異事成具神通者意念勢力令他夢中見種種事如大迦多衍
19	replace	review-required	72	75	2963	2964	令娑剌	刺	種事如大迦多衍那意願勢力令娑剌拏王等夢見異事又如阿練若
19	delete	not-seen-in-hamilton-ocr	82	83	2971	2971	又		勢力令娑剌拏王等夢見異事又如阿練若仙人意憤勢力令吠
19	delete	not-seen-in-hamilton-ocr	85	86	2973	2973	練		娑剌拏王等夢見異事又如阿練若仙人意憤勢力令吠摩質呾
19	delete	not-seen-in-hamilton-ocr	93	94	2980	2980	令		事又如阿練若仙人意憤勢力令吠摩質呾利王阿修羅夢見異
19	delete	not-seen-in-hamilton-ocr	95	96	2981	2981	摩		如阿練若仙人意憤勢力令吠摩質呾利王阿修羅夢見異事如
19	delete	not-seen-in-hamilton-ocr	100	103	2985	2985	阿修羅		人意憤勢力令吠摩質呾利王阿修羅夢見異事如是由他識轉變故
19	delete	not-seen-in-hamilton-ocr	113	114	2995	2995	變		修羅夢見異事如是由他識轉變故令他違害命根事起應知死
19	delete	not-seen-in-hamilton-ocr	115	116	2996	2996	令		夢見異事如是由他識轉變故令他違害命根事起應知死者謂
19	replace	review-required	128	129	3008	3074	眾	同分山識異和續斷滅復次頌曰宅迦等云何由仙忿刺拏王等夢見異事如阿練若仙人意憤勢力吠質叩利王夢見事如是由他識轉故他違害命根事起應知死者謂	他違害命根事起應知死者謂眾同分由識變異相續斷滅復次
19	delete	not-seen-in-hamilton-ocr	133	134	3078	3078	變		事起應知死者謂眾同分由識變異相續斷滅復次頌曰
19	replace	possible-single-character-variant	135	136	3079	3080	相	和	應知死者謂眾同分由識變異相續斷滅復次頌曰
20	replace	possible-single-character-variant	1	2	3088	3089	咤	宅	彈咤迦等空云何由仙忿意罰為大
20	replace	review-required	29	32	3116	3117	變增上	丄	云何成論曰若不許由他識轉變增上力故他有情死云何世尊為成
20	delete	not-seen-in-hamilton-ocr	41	42	3126	3126	尊		變增上力故他有情死云何世尊為成意罰是大罪故返問長者
20	replace	possible-single-character-variant	54	55	3138	3139	鄔	邬	為成意罰是大罪故返問長者鄔波離言汝頗曾聞何因緣故彈
20	replace	review-required	60	62	3144	3145	曾聞	開	罪故返問長者鄔波離言汝頗曾聞何因緣故彈咤迦林末蹬伽林
20	replace	review-required	66	68	3149	3150	彈咤	宅	鄔波離言汝頗曾聞何因緣故彈咤迦林末蹬伽林羯陵伽林皆空
20	replace	review-required	79	81	3161	3162	空閑	閒	咤迦林末蹬伽林羯陵伽林皆空閑寂長者白佛言喬答摩我聞由
20	delete	not-seen-in-hamilton-ocr	88	90	3169	3169	答摩		伽林皆空閑寂長者白佛言喬答摩我聞由仙意憤恚故若執神鬼
20	replace	possible-single-character-variant	91	92	3170	3171	聞	開	空閑寂長者白佛言喬答摩我聞由仙意憤恚故若執神鬼敬重
20	delete	not-seen-in-hamilton-ocr	99	100	3178	3178	執		喬答摩我聞由仙意憤恚故若執神鬼敬重仙人知嫌為殺彼有
20	delete	not-seen-in-hamilton-ocr	108	109	3186	3186	為		恚故若執神鬼敬重仙人知嫌為殺彼有情類不但由仙意憤恚
20	replace	possible-single-character-variant	115	116	3192	3193	但	柦	重仙人知嫌為殺彼有情類不但由仙意憤恚者云何引彼成立
20	delete	not-seen-in-hamilton-ocr	130	131	3207	3207	為		意憤恚者云何引彼成立意罰為大罪性過於身語由此應知但
20	replace	possible-single-character-variant	138	139	3214	3215	由	用	成立意罰為大罪性過於身語由此應知但由仙忿彼有情死理
20	insert	extra-in-hamilton-ocr	154	154	3230	3254		若唯有識諸他心智知他心不爾何失若不能知何謂他心智	但由仙忿彼有情死理善成立頌曰
21	replace	possible-single-character-variant	9	10	3265	3266	實	賓	他心智云何知境不如實如知自心智不知如佛境論曰
21	insert	extra-in-hamilton-ocr	15	15	3271	3277		若能知者識應	云何知境不如實如知自心智不知如佛境論曰二智自心智
21	insert	extra-in-hamilton-ocr	16	16	3278	3280		成雖	何知境不如實如知自心智不知如佛境論曰二智自心智他
21	insert	extra-in-hamilton-ocr	17	17	3281	3286		他心然不不	知境不如實如知自心智不知如佛境論曰二智自心智他心
21	replace	review-required	22	23	3291	3293	二	他心	如知自心智不知如佛境論曰二智自心智他心智於境各由無
21	insert	extra-in-hamilton-ocr	24	24	3294	3306		云何於境不如實知如自心此	自心智不知如佛境論曰二智自心智他心智於境各由無知
21	replace	review-required	27	30	3309	3311	他心智	云何	不知如佛境論曰二智自心智他心智於境各由無知所覆蔽故不知
21	replace	review-required	32	33	3313	3324	各	不如實知山無知故二於境	論曰二智自心智他心智於境各由無知所覆蔽故不知如佛淨
21	delete	not-seen-in-hamilton-ocr	41	42	3332	3332	知		智於境各由無知所覆蔽故不知如佛淨智所行不可言境此二
21	delete	not-seen-in-hamilton-ocr	44	45	3334	3334	淨		各由無知所覆蔽故不知如佛淨智所行不可言境此二自心智
21	delete	not-seen-in-hamilton-ocr	54	60	3343	3343	自心智他心智		如佛淨智所行不可言境此二自心智他心智於境不如實知由似外境虛妄
21	replace	possible-single-character-variant	66	67	3349	3350	由	山	自心智他心智於境不如實知由似外境虛妄顯現故所取能取
21	delete	not-seen-in-hamilton-ocr	72	73	3355	3355	顯		於境不如實知由似外境虛妄顯現故所取能取分別未斷故唯
21	delete	not-seen-in-hamilton-ocr	84	85	3366	3366	唯		顯現故所取能取分別未斷故唯識理趣無邊決擇品類差別難
21	replace	possible-single-character-variant	104	105	3385	3386	具	其	品類差別難度甚深非佛誰能具廣決擇頌曰我已隨自能略成
21	delete	not-seen-in-hamilton-ocr	117	118	3398	3398	唯		廣決擇頌曰我已隨自能略成唯識義此中一切種難思佛所行
21	delete	not-seen-in-hamilton-ocr	123	124	3403	3403	切		已隨自能略成唯識義此中一切種難思佛所行論曰唯識理趣
21	delete	not-seen-in-hamilton-ocr	125	126	3404	3404	難		自能略成唯識義此中一切種難思佛所行論曰唯識理趣品類
21	delete	not-seen-in-hamilton-ocr	132	133	3410	3410	唯		此中一切種難思佛所行論曰唯識理趣品類無邊我隨自能已
21	delete	not-seen-in-hamilton-ocr	157	158	3434	3434	諸		略成立餘一切種非所思議超諸尋思所行境故如是理趣
21	delete	not-seen-in-hamilton-ocr	166	167	3442	3442	理		思議超諸尋思所行境故如是理趣
22	delete	not-seen-in-hamilton-ocr	7	8	3450	3450	尊		唯佛所行諸佛世尊於一切境及一切種智無礙故
22	delete	not-seen-in-hamilton-ocr	9	10	3451	3451	一		唯佛所行諸佛世尊於一切境及一切種智無礙故
22	delete	not-seen-in-hamilton-ocr	16	17	3457	3457	智		諸佛世尊於一切境及一切種智無礙故
